<?xml version="1.0" encoding="UTF-8" standalone="yes"?>
<businessObjectModel xmlns="http://documentation.bonitasoft.com/bdm-xml-schema/1.0" modelVersion="1.0">
    <businessObjects>
        <businessObject qualifiedName="com.company.model.SolicitudHAPS">
            <fields>
                <field type="LONG" length="255" name="solicitanteHapsId" nullable="false" collection="false"/>
                <field type="LOCALDATE" length="255" name="fechaSoliHaps" nullable="false" collection="false"/>
                <field type="STRING" length="255" name="dniHaps" nullable="false" collection="false"/>
                <field type="STRING" length="255" name="nombresHaps" nullable="false" collection="false"/>
                <field type="STRING" length="255" name="apellidosHaps" nullable="false" collection="false"/>
                <field type="STRING" length="255" name="empresaHaps" nullable="false" collection="false"/>
                <field type="STRING" length="255" name="categoriaHaps" nullable="false" collection="false"/>
                <field type="BOOLEAN" length="255" name="firmaGmHaps" nullable="true" collection="false"/>
                <field type="BOOLEAN" length="255" name="firmaGtucvHaps" nullable="true" collection="false"/>
                <field type="BOOLEAN" length="255" name="impresion" nullable="true" collection="false"/>
                <field type="BOOLEAN" length="255" name="estadoSoliHaps" nullable="true" collection="false"/>
            </fields>
            <uniqueConstraints/>
            <queries/>
            <indexes/>
        </businessObject>
    </businessObjects>
</businessObjectModel>
